[
  {
    "id": "I",
    "type": "one",
    "provider": "Google",
    "cpu": 2600,
    "bandwidth": 250,
    "ram": 80,
    "hdd": 95,
    "bio": 0,
    "controllers": 1,
    "virtual": 0
  },
  {
    "id": "II",
    "type": "two",
    "provider": "Amazon",
    "cpu": 2600,
    "bandwidth": 100,
    "ram": 80,
    "hdd": 95,
    "bio": 1,
    "controllers": 1,
    "virtual": 1
  },
  {
    "id": "III",
    "type": "three",
    "provider": "Azure",
    "cpu": 2600,
    "bandwidth": 100,
    "ram": 80,
    "hdd": 95,
    "bio": 0,
    "controllers": 0,
    "virtual": 1
  },
  {
    "id": "IV",
    "type": "one",
    "provider": "house",
    "cpu": 70,
    "bandwidth": 500,
    "ram": 20,
    "hdd": 60,
    "bio": 1,
    "controllers": 0,
    "virtual": 0
  },
  {
    "id": "V",
    "type": "two",
    "provider": "house",
    "cpu": 95,
    "bandwidth": 100,
    "ram": 5,
    "hdd": 95,
    "bio": 0,
    "controllers": 0,
    "virtual": 1
  }
]
