{
  "Id": 1,
  "Order": "low-oxigen",
  "Detail": [
    {
      "ProteinType": "hemoglobine",
      "Subcomponents": [
        {
          "Type": "iron",
          "Energy": 1355.21
        },
        {
          "Type": "hemo",
          "Energy": 378.46
        },
        {
          "Type": "globulines",
          "Energy": 559.93
        },
        {
          "Type": "beta-barrel",
          "Energy": 1239.83
        }
      ],
      "EnergyIncrease": 878.88,
      "NumComponents": 13,
      "Ph": 9.61,
      "Temp": 29.16,
      "Checkpoint": {
        "Chaperonine": true,
        "HSP80": true,
        "Ubiquitination": true
      }
    }
  ]
}
